species,sepal_length,sepal_width,petal_length,petal_width,sepal_area
Iris-setosa,4.9799999999999995,3.338235294117647,1.462222222222222,0.24444444444444444,16.484444444444446
Iris-versicolor,5.936,2.77,4.26,1.3259999999999998,16.5262
Iris-virginica,6.587999999999999,2.9739999999999998,5.5520000000000005,2.026,19.6846
